{"cameraMode":{"drawMode":0,"name":"Shaded","section":"Shading Mode"},"sceneLighting":true,"audioPlay":false,"sceneViewState":{"showFog":true,"showMaterialUpdate":false,"showSkybox":true,"showFlares":true,"showImageEffects":true,"showParticleSystems":true},"in2DMode":false,"pivot":{"x":-0.7807493209838867,"y":2.7195496559143068,"z":6.3536248207092289},"rotation":{"x":-0.1449616700410843,"y":0.5406225919723511,"z":-0.09520196914672852,"w":-0.8231949806213379},"size":13.960415840148926,"orthographic":false}