{"cameraMode":{"drawMode":0,"name":"Shaded","section":"Shading Mode"},"sceneLighting":false,"audioPlay":false,"sceneViewState":{"showFog":true,"showMaterialUpdate":false,"showSkybox":true,"showFlares":true,"showImageEffects":true,"showParticleSystems":true},"in2DMode":false,"pivot":{"x":0.3400000333786011,"y":1.5,"z":6.460000038146973},"rotation":{"x":-0.23326028883457185,"y":0.33089205622673037,"z":-0.08477618545293808,"w":-0.9104466438293457},"size":5.838284969329834,"orthographic":false}