{"cameraMode":{"drawMode":0,"name":"Shaded","section":"Shading Mode"},"sceneLighting":true,"audioPlay":false,"sceneViewState":{"showFog":true,"showMaterialUpdate":false,"showSkybox":true,"showFlares":true,"showImageEffects":true,"showParticleSystems":true},"in2DMode":false,"pivot":{"x":-2.541677474975586,"y":-12.747732162475586,"z":-1.3417892456054688},"rotation":{"x":-0.27285510301589968,"y":0.4447840452194214,"z":-0.14434728026390077,"w":-0.8407622575759888},"size":48.33982467651367,"orthographic":false}